modelo,segmento,lead_minutes,n,MAE,RMSE,R2,MAPE (%),sMAPE (%),Bias,NSE,modelo_label,familia,source,model_order
LSTM,global,30,10688,0.0160516169159913,0.0774894133564044,0.9337580323824408,5.0757167991830565,4.921755151333121,-0.0035000222024,0.9337580323824408,LSTM,Deep learning recurrente,22_lstm_vs_modelos,6
Ridge_ARX_local,global,30,10688,0.0188870115116136,0.0920608608966973,0.9065028136531474,4.621109857537196,4.511245928300887,0.0006590034031168,0.9065028136531474,Ridge-ARX,ML lineal ARX,15_finales,1
NBEATS,global,30,10688,0.0176060266896006,0.0938993375591473,0.9027312052011928,4.587693949347791,4.448884644160646,-0.0009748016809357,0.9027312052011928,N-BEATS,Deep learning,15_finales,5
GradientBoosting_ARX,global,30,10688,0.0196530390360525,0.0976834209521752,0.8947334961863361,4.470139743235811,4.531591238873693,-0.011481180703128,0.8947334961863361,Gradient Boosting-ARX,ML no lineal ARX,23_gradient_boosting_arx,2
SARIMAX_lagged_exog_selected,global,30,10688,0.0197158387545009,0.1046213742553885,0.8792493940500787,4.483904935994611,4.721804867588557,-0.008173663599585,0.8792493940500787,SARIMAX,Estadistico con exogenas,17_arima_sarimax_baselines,4
ARIMA_selected,global,30,10688,0.0211187807312694,0.1107737395188945,0.8646300988202462,4.71627199580966,4.988860410780893,-0.0116829988584915,0.8646300988202462,ARIMA,Estadistico,17_arima_sarimax_baselines,3
Persistencia,global,30,10688,0.0191031939479523,0.1215838209409534,0.836920243947923,3.4881173875384524,3.617801202690619,-2.6827367966139176e-05,0.836920243947923,Persistencia,Baseline ingenuo,15_finales,0
